выпизде,***
подъебну,***
хуев,зуев
пиздабол,***
ебать-колотить,***
хуем,дуем
расхуюжить,***
еблан,белан
залуп,залип
пизд,пизе
уебки,***
пиздец,пиздеца
блядки,бляшки
мyдak,***
ебанный,банный
настоебать,***
отпизд,***
затрах,заторах
пидрик,***
колдоебина,колдобина
атсаси,***
проебать,проедать
пох,по
распиздяй,***
пиздеж,***
заебать,заехать
мокрощелка,***
проёб,проб
попиздеть,***
бля,биля
хует,чует
исхуячить,***
заёб,заём
чмо,чмок
пиздобол,***
пиздорван,***
fuckoff,***
мудозвон,***
ебанной,банной
выеба,выела
выебу,выеду
съеба,стеба
прихуярить,***
блядовать,***
ебать,ехать
трахат,трахая
хуйнуть,***
ебнy,***
сука,суна
опизденеть,***
похуярил,***
блядина,алядина
хуёв,буёв
выпиздить,***
разъеб,разъем
ебучий,едучий
хуистика,***
ебану,ерану
угондошить,***
блядов,лядов
бляд,блуд
припизди,***
хyeвo,***
пиздорванец,***
долбоёб,***
ебанут,***
пиздуй,***
пиздун,***
ебукентий,***
перехуяри,***
остопизде,***
еблысь,***
до-пизды,***
членоплет,***
хуило,хило
хуила,хула
хуйло,хайло
нахуяриться,***
дуроёб,***
уебыва,***
fuck,***
разъебаться,разъехаться
вхуячи,***
однохуйственно,***
припиздить,***
пиздюрить,***
дуроеб,***
ебанат,***
пидорас,пидорасе
еби,ежи
заебаться,заедаться
взъёбка,***
разъёб,разъём
хуепутало,***
пиздаеб,***
хуёвина,***
заебатый,***
хуё-моё,***
ебаришка,***
ёболызнуть,***
хуёвничать,***
ёбанный,банный
отсосал,отсосала
уёбывать,убывать
похуярили,***
мудила,мутила
впиздячить,***
хуяч,хуях
въеба,веба
допизде,***
напиздеть,***
проблядь,***
пиздошить,***
хуевo,***
объеба,объела
пиздануть,***
шобла-ёбла,***
еблишe,***
хитровыебанный,***
исхуячи,***
пиздобратия,***
злаебучий,***
разёбанный,***
разъебанн,***
пидор,сидор
ебанатик,***
допизды,***
бляtь,***
хуяк,хуях
ебаться-сраться,***
срака,зрака
похуй,похай
сраки,раки
спизде,спиде
спизди,***
разъебать,разъедать
ёбнуть,ёкнуть
мандовошка,***
однохуйстве,***
выебон,***
мyдaк,***
разъеба,разъема
попизди,***
ебануть,***
трахать,трюхать
хуетень,***
наебка,наемка
хоть бы хуй,***
хуемырло,***
пиздатый,***
ебливая,обливая
пиздёж,***
охуительн,***
охуительный,***
перехуярить,***
пизду,пинду
вхуячить,***
пизды,пинды
пиздюли,***
пиздa,***
напиздить,***
выёбываться,***
хуеплет,***
проебал,проедал
распиздяйка,***
ёбс,сбс
охуеть,***
ебал,бал
ебан,жбан
членосос,***
ебистика,***
пизда,пинда
атсасал,***
пизде,пизе
подзалупный,***
пиздо,пиздою
ёбнуться,***
еблo,***
блядюга,***
вхуюжить,***
пиздаёб,***
спермогл,***
упиздил,***
ебуч,буч
поебустика,***
ебут,едут
хуета,хуста
тpахaт,***
доеба,доена
захуяри,***
ёбаный,***
выебыва,***
поебать,поехать
пиздюлей,***
злоебучая,***
вхуярить,***
хуеть,худеть
хуёвый,***
чмo,***
уёбок,***
хуeво,***
хуеватенький,***
дохуя,доху
атпиздеть,***
мудоёб,***
мудaк,***
хуевин,***
охуенн,***
распиздон,***
пропизд,***
охуел,***
охуен,охулен
приеба,приема
прихуяри,***
еблище,***
гомосек,***
жопе,жохе
жопа,жупа
жопн,жоп
жопист,***
хуёво,***
жопу,топу
проеба,проба
тpаxат,***
жопы,копы
выпиздеться,***
схуяри,***
хуебрат,***
шлюха,шлюхе
охует,охнет
отебукать,***
пиздaбол,***
пизди,***
заёбан,***
пиздой,пиздою
блядище,***
блядища,***
педафил,педофил
хyево,***
хуеплёт,***
ебическая,***
сучка,сучку
ебаться,едаться
нaxyй,***
пиздить,***
отпиздить,***
блядство,***
испизди,***
ебну,екну
охуячить,***
пизденыш,***
хуйня,***
хуйню,***
хуйну,хуану
заебени,защебени
мудоеб,***
пропиздить,***
ебало,ехало
худоёбина,***
проебаться,проехаться
выёбыва,***
разъебай,разъедай
пиздюлина,***
худоебина,***
пиздолет,***
отъеби,отъели
выебать,выехать
приебал,приехал
отъеба,отъела
бляду,блюду
настоеба,***
блядь,глядь
приебаться,приедаться
хуй-чего,***
ебарь,***
ёбну,ёкну
хyeво,***
наебаловка,***
охуенно,***
нахуй,шахуй
остопиздеть,***
пиздeц,***
наебал,наехал
охуячи,***
запиздеть,***
тpахат,***
апездал,***
ебош,бош
пиздaбoл,***
по-хую,***
разъебанный,***
разъёбанн,***
пидарас,пидарасе
наебнуть,***
доебаться,доедаться
манда,мунда
пиздарван,***
блядств,***
ебaн,***
охуевший,***
хуегрыз,***
хуеглот,***
муден,мучен
остопиздел,***
нихуя,***
пиздюлин,***
хуеву,дуеву
хуе-мое,***
ебунок,ерунок
ебанутый,***
мозгоёб,***
испиздить,***
пиздорванка,***
заеб,заек
захуярить,***
нахуяри,***
пизданутый,***
заебись,заелись
мандовош,***
хуями,хумми
пиздёныш,***
мандавощ,***
еблише,***
наебну,***
объебать,объедать
хуево,зуево
пездень,***
заебаши,***
уебал,уедал
уебан,***
ебс,бес
заебал,заекал
заебан,***
попиздили,***
пидap,***
заёбанный,***
пиздюшник,***
охуенный,охуленный
мудя,гудя
ёбля,***
ёбла,абла
долбоеб,***
муди,жмуди
тpaхат,***
пиздеть,***
апездошенная,***
еблaн,***
ёбарь,***
ебещ,***
ебеш,***
заебат,***
уебать,уехать
ебет,бет
еблом,облом
хуячить,***
злоебуч,***
уебак,убак
спиздить,***
ёбан,жбан
нехуй,нехум
мyдак,***
хуя,хуях
ебло,ело
уебок,***
попизде,***
отъебаться,отъедаться
мудак,чудак
пиздану,***
ебу,лбу
допиздеться,***
отхуевертить,***
хуевате,***
схуярить,***
вхуяри,***
ебля,беля
ёбану,жбану
хуй,хай
опиздинеть,***
отъебись,отъелись
проеб,проем
хуёв насовать,***
хуебратия,***
запизде,***
дахуя,дахия
упиздить,***
наебнуться,***
мозгоеб,***
блядун,***
поебень,***
припиздак,***
блять,баять
уёбыва,***
коноёбиться,***
ебальник,ебальнику
хуячу,***
пиздюхать,***
ёбнутый,***
хули,холи
напизде,***
ебаторий,***
хуевато,***
напизди,***
пиздюк,***
пидaр,***
хуевертить,***
хуесос,***
