выпизде,пизде
подъебну,подъемна
хуев,дуем
пиздабол,***
ебать-колотить,***
хуем,дуем
расхуюжить,расхулить
еблан,белана
залуп,злую
пизд,призы
уебки,бабки
пиздец,пизда
блядки,блядским
ебанный,деванный
настоебать,наскребать
отпизд,отпив
затрах,завах
пидрик,пищик
колдоебина,колдобины
проебать,порезать
пох,порах
распиздяй,***
пиздеж,пизда
заебать,стебать
мокрощелка,***
проёб,проруб
попиздеть,пожидеть
бля,юла
хует,хуях
исхуячить,***
заёб,замш
чмо,емко
пиздобол,***
пиздорван,изорван
мудозвон,дозвон
ебанной,шанной
выеба,вышка
выебу,влеку
съеба,смеша
прихуярить,прищурить
блядовать,бедовать
ебать,стебать
трахат,трюхая
хуйнуть,фукнуть
сука,внука
опизденеть,***
похуярил,потурил
блядина,алидина
хуёв,хуях
выпиздить,выездить
разъеб,разжег
ебучий,едущий
хуистика,хлястика
ебану,руану
угондошить,гоношить
блядов,плясов
бляд,блуд
припизди,припихни
пиздорванец,***
долбоёб,долбёж
ебанут,батут
пиздуй,подуй
вхуячить,выучить
ебукентий,***
перехуяри,перепудри
остопизде,***
еблысь,брысь
до-пизды,***
членоплет,***
хуило,зубило
хуила,рузила
хуйло,путло
нахуяриться,набуяниться
дуроёб,дурой
уебыва,убыла
разъебаться,разбегаться
вхуячи,висячи
однохуйственно,***
припиздить,принизить
пиздюрить,***
дуроеб,дуреем
ебанат,еганам
пидорас,сидорам
еби,лбу
заебаться,зашибаться
взъёбка,взлобка
разъёб,разруб
хуепутало,упутало
пиздаеб,пизда
хуёвина,хусаина
заебатый,зачатый
хуё-моё,ё-моё
ебаришка,барашка
хуёвничать,чаёвничать
проеб,проруб
отсосал,отсосен
уёбывать,бывать
похуярили,попудрили
мудила,рузила
впиздячить,***
хуяч,хуях
въеба,вела
допизде,дописке
напиздеть,насидеть
проблядь,проблуди
пиздошить,издоить
объеба,обмера
пиздануть,лизануть
хитровыебанный,***
исхуячи,исхаяли
пиздобратия,***
злаебучий,***
разёбанный,размётанный
разъебанн,***
пидор,гидр
ебанатик,канатик
допизды,пизды
хуяк,хуях
ебаться-сраться,***
срака,сраму
похуй,пожуй
сраки,сраму
спизде,спиде
спизди,спиде
разъебать,разъелась
мандовошка,***
однохуйстве,***
выебон,выбор
разъеба,разреза
попизди,попили
ебануть,банить
трахать,рахаты
хуетень,дуетесь
наебка,гаечка
хуемырло,***
пиздатый,поддатый
ебливая,поливая
пиздёж,пиздой
охуительн,***
охуительный,хулительный
перехуярить,перепудрить
пизду,пирсу
пизды,призы
пиздюли,издали
напиздить,напрудить
выёбываться,вырываться
хуеплет,куплет
проебал,прошибал
распиздяйка,***
охуеть,отметь
ебал,бас
ебан,пеан
членосос,***
ебистика,бюстика
пизда,азида
пизде,азиде
подзалупный,***
пиздо,пиздой
блядюга,биндюга
вхуюжить,выдюжить
пиздаёб,пизда
спермогл,спермою
упиздил,уездил
ебуч,лбу
поебустика,***
ебут,лбу
хуета,хуев
доеба,доза
захуяри,заури
выебыва,выбывав
поебать,стебать
пиздюлей,пилюлей
злоебучая,***
вхуярить,взъярить
хуеть,херь
хуёвый,хорёвый
уёбок,лобок
хуеватенький,***
дохуя,дохнул
мудоёб,мудрён
хуевин,хунин
охуенн,хенн
распиздон,***
пропизд,пропито
охуел,обуем
охуен,хулен
приеба,прируба
прихуяри,прикури
еблище,силище
гомосек,гоможен
жопе,дозе
жопа,доза
жопн,ионн
жопист,вопит
хуёво,хуев
жопу,фоку
проеба,преона
жопы,окопы
выпиздеться,высидеться
схуяри,смудри
хуебрат,хуберт
шлюха,шаха
охует,офсет
отебукать,отпрукать
пизди,поезди
заёбан,затёсан
пиздой,уздой
блядище,алядине
блядища,бляди
педафил,педофила
хуеплёт,***
ебическая,кубическая
сучка,сутки
ебаться,сбыться
пиздить,пилить
отпиздить,отъездить
блядство,буянство
испизди,испряди
ебну,лбу
охуячить,охулить
пизденыш,***
хуйня,мужня
хуйню,буйна
хуйну,оуэну
заебени,заемен
мудоеб,худобе
пропиздить,пропилить
ебало,ефалов
худоёбина,***
проебаться,прогребаться
выёбыва,выбывав
разъебай,разметай
пиздюлина,***
худоебина,***
пиздолет,пистолет
отъеби,отпеки
выебать,стебать
приебал,приезжал
отъеба,отпета
бляду,блуд
настоеба,настоенна
блядь,челядь
приебаться,примечаться
хуй-чего,кой-чего
ебарь,барн
наебаловка,***
охуенно,охулено
нахуй,сахой
остопиздеть,***
наебал,набам
охуячи,ходячи
запиздеть,завидеть
ебош,евой
по-хую,поеную
разъебанный,разрезанный
разъёбанн,***
пидарас,лидара
наебнуть,натянуть
доебаться,допекаться
манда,аниа
пиздарван,***
блядств,боярств
охуевший,похудевший
хуегрыз,угрыз
хуеглот,***
муден,мадей
остопиздел,***
нихуя,пихая
пиздюлин,***
хуеву,зеву
хуе-мое,е-мое
ебунок,буною
ебанутый,стебанутый
мозгоёб,мозгом
испиздить,испилить
пиздорванка,***
заеб,паев
захуярить,зажурить
нахуяри,накури
пизданутый,***
заебись,загнись
мандовош,мангово
хуями,хуях
пиздёныш,***
мандавощ,мандатов
еблише,егише
наебну,начину
объебать,обметать
хуево,зуева
пездень,печень
заебаши,заехавши
уебал,увешал
уебан,пеан
ебс,лбу
заебал,зарезал
заебан,заемен
попиздили,понизили
заёбанный,зажёванный
пиздюшник,***
охуенный,опоенный
мудя,аудр
долбоеб,толбоев
муди,нудит
пиздеть,пиздец
ебещ,елея
ебеш,небен
заебат,заедал
уебать,стебать
ебет,льет
еблом,адлом
хуячить,мучить
злоебуч,злобу
уебак,убаку
спиздить,сжидить
нехуй,нажуй
хуя,херя
ебло,емко
уебок,редок
попизде,посизее
отъебаться,отсеваться
мудак,макак
пиздану,пизда
ебу,лбу
допиздеться,досидеться
отхуевертить,***
хуевате,хорвате
схуярить,сдурить
вхуяри,взъяри
ебля,белея
хуй,гущ
опиздинеть,***
отъебись,отешись
пиздун,пиздам
хуебратия,***
запизде,пизде
дахуя,дахиям
упиздить,унизить
наебнуться,накинуться
мозгоеб,мозговее
блядун,блюдён
поебень,поршень
припиздак,припоздай
блять,таять
уёбыва,убыла
коноёбиться,коробиться
ебальник,севальник
хуячу,хуях
пиздюхать,издыхать
хули,хуев
напизде,наезде
ебаторий,евсторий
хуевато,чревато
напизди,напитки
пиздюк,пизда
хуевертить,***
хуесос,ауесов
